<?xml version="1.0" encoding="UTF-8"?>
<!DOCTYPE codetemplates PUBLIC "-//NetBeans//DTD Editor Code Templates settings 1.0//EN" "http://www.netbeans.org/dtds/EditorCodeTemplates-1_0.dtd">
<codetemplates>
    <codetemplate abbreviation="vd" xml:space="preserve">
        <code><![CDATA[var_dump(${cursor}); exit;
]]></code>
    </codetemplate>
    <codetemplate abbreviation="se" xml:space="preserve">
        <code><![CDATA[error_reporting(E_ALL);
ini_set('display_errors', '1');
]]></code>
    </codetemplate>
</codetemplates>
