<?xml version="1.0" encoding="UTF-8"?>
<!DOCTYPE fontscolors PUBLIC "-//NetBeans//DTD Editor Fonts and Colors settings 1.1//EN" "http://www.netbeans.org/dtds/EditorFontsColors-1_1.dtd">
<fontscolors>
    <fontcolor bgColor="ff2b2b2b" foreColor="white" name="error" waveUnderlined="red"/>
    <fontcolor foreColor="ffe6db74" name="char"/>
    <fontcolor foreColor="fff72870" name="keyword"/>
    <fontcolor name="whitespace"/>
    <fontcolor default="keyword" name="markup-element"/>
    <fontcolor foreColor="ffae81ff" name="number"/>
    <fontcolor foreColor="fff92672" name="operator"/>
    <fontcolor name="url" underline="blue"/>
    <fontcolor default="identifier" foreColor="fff72870" name="field"/>
    <fontcolor bgColor="ff252621" foreColor="fff8f8f2" name="default">
        <font name="Courier New" size="18"/>
    </fontcolor>
    <fontcolor foreColor="ffe6db74" name="string"/>
    <fontcolor default="default" name="entity-reference"/>
    <fontcolor default="string" name="markup-attribute-value"/>
    <fontcolor default="identifier" foreColor="ffa0e22d" name="method"/>
    <fontcolor foreColor="ff75715e" name="comment"/>
    <fontcolor foreColor="ff66d8ed" name="identifier"/>
    <fontcolor name="warning" waveUnderlined="white"/>
    <fontcolor name="separator"/>
    <fontcolor default="field" foreColor="white" name="markup-attribute"/>
</fontscolors>
